{"flutter":{"platforms":{"android":{"default":{"projectId":"investment-app-4cd4b","appId":"1:694235295002:android:6184af02fb3d2fb9a750a3","fileOutput":"android/app/google-services.json"}},"ios":{"default":{"projectId":"investment-app-4cd4b","appId":"1:694235295002:ios:52bcee048faa441ea750a3","uploadDebugSymbols":false,"fileOutput":"ios/Runner/GoogleService-Info.plist"}},"dart":{"lib/firebase_options.dart":{"projectId":"investment-app-4cd4b","configurations":{"android":"1:694235295002:android:6184af02fb3d2fb9a750a3","ios":"1:694235295002:ios:52bcee048faa441ea750a3"}}}}}}